6020.79607766,5008.29568068,evt0
6306.31119937,5863.36497912,evt2
6294.94470406,5869.46213382,evt2
8812.81932278,3801.31845111,evt0
8774.46197242,3844.73660764,evt2
8332.25025391,3740.89361402,evt0
8354.81834216,3747.43549403,evt4
3360.17613964,1353.62862316,evt0
3360.87293318,1379.54590883,evt0
3362.97592621,1377.46188869,evt2
3331.81967336,1368.89427544,evt4
3321.87168123,1378.8071122,evt4
8008.84865041,7946.57952455,evt0
7983.44693325,7956.59524242,evt0
8009.31117128,7973.50112597,evt4
7960.75934164,7937.47115461,evt4
6156.04687228,1624.41833296,evt0
6154.67708708,1637.91471951,evt2
6160.83812956,1600.04965059,evt2
6125.25311002,1627.01623317,evt4
2412.20408896,4646.09960889,evt0
2395.05095461,4612.54623572,evt2
2419.76061946,4633.43734923,evt4
2427.91916433,4638.41922938,evt4
9846.50689046,3721.08526527,evt2
9834.79376053,3709.29747704,evt4
7706.30338883,2911.4773056,evt2
7737.07410979,2912.29434531,evt2
2366.31450203,3794.3584013,evt2
2363.48231952,3791.23056847,evt4
2395.28828838,3801.29792683,evt4
2389.92584519,3775.35220515,evt4
7114.98992955,5778.2776503,evt0
7106.92104045,5759.12022517,evt0
7099.97979817,5761.19262052,evt4
7086.12900283,5763.7935384,evt4
6448.64454438,8858.91621362,evt2
6444.35505689,8863.53214531,evt2
1469.10687944,4474.76112835,evt0
1434.75791163,4455.52095855,evt0
1462.3727689,4468.06563372,evt2
5849.3200156,639.26136097,evt0
5858.44210178,661.45259412,evt0
5831.48550237,635.700997978,evt0
5845.25319421,666.792204458,evt4
4612.43822394,6659.84226507,evt2
4637.2236679,6651.29342096,evt4
6943.08732738,267.163624317,evt2
9813.12460771,4138.87312945,evt2
9815.72159961,4175.38802055,evt2
9808.89776409,4172.36735729,evt2
9785.29778906,4160.67432428,evt4
6272.91848128,5776.73480263,evt2
6267.97503085,5777.23713136,evt4
6250.62728256,5769.16166949,evt4
1039.23652068,2769.13969837,evt2
1071.47358024,2781.80262208,evt4
1048.50621459,2769.25920902,evt4
4239.42222565,7426.68561968,evt2
9025.19590834,5876.17745223,evt0
9017.48520104,5851.06359585,evt2
9020.45029768,5881.36301644,evt4
9767.55387765,7292.74607306,evt2
9776.66267111,7286.9934121,evt2
3019.36694656,2094.64899482,evt0
3024.30526305,2106.58589428,evt0
3040.26976176,2121.56926728,evt0
3040.1690255,2127.22374941,evt2
7526.44937224,7902.61954717,evt0
7497.84106139,7872.86163628,evt0
7536.19265617,7889.03027218,evt2
205.949728333,5350.28850179,evt2
9869.77202051,6481.72755968,evt0
9885.51327921,6499.69984874,evt2
9887.67550227,6506.34114722,evt4
9883.81849187,6491.98901712,evt4
9871.39609568,6516.00920481,evt4
5455.17250515,5019.20138507,evt0
5457.0844814,5024.52264767,evt0
5450.29722526,4998.30750924,evt0
5436.25618295,5027.92125875,evt2
7030.44619083,5670.10201496,evt0
2797.23941005,8864.65105295,evt4
2785.29816411,8865.01447851,evt4
2634.51833114,1191.796945,evt2
2610.73050621,1186.53053562,evt4
9585.02409785,4652.13414417,evt0
9566.07940092,4675.24861118,evt2
9611.08025312,4679.97058333,evt2
9579.12164413,4645.2748761,evt4
9811.13400972,8570.27196854,evt4
8655.95285782,8122.86113955,evt0
8680.52611017,8113.10912735,evt4
7822.40860942,857.793748277,evt0
7808.2221232,862.678294764,evt0
7808.7218117,869.426767144,evt0
7824.65387799,850.518216447,evt2
7804.94413844,863.680289831,evt2
7838.61688412,850.381516771,evt4
4681.66171001,13.3457670517,evt2
4672.82052381,-15.2944130768,evt2
4654.80559135,-22.4506618611,evt2
2691.41091049,623.982033926,evt0
2696.22973084,592.04190459,evt2
2694.37958017,614.891153759,evt4
9823.02788295,3869.7647183,evt2
9844.18095346,3848.69733203,evt4
9869.62400695,3863.35518473,evt4
9872.58886617,3830.11673184,evt4
5634.77756156,6553.92251716,evt2
5628.20485758,6548.95926358,evt4
9292.26468948,5459.60333373,evt2
9290.34330485,5487.54039766,evt2
9298.79428575,5496.76384839,evt2
9325.41156067,5489.40166429,evt4
9326.32882077,5467.10039872,evt4
296.360740434,8590.21186106,evt0
282.483446258,8569.99371872,evt0
5155.85821418,4588.30228106,evt4
5165.03363804,4594.61241308,evt4
5138.66962869,4616.1814279,evt4
5150.57425107,4620.74287499,evt4
5348.38672591,10001.1829415,evt0
9470.40933286,6967.3542871,evt0
9491.59971378,6933.28962234,evt0
9478.89193895,6941.08586066,evt2
9511.00671934,6919.16831542,evt4
9513.17324422,6919.13105447,evt4
6129.60117332,1643.65074068,evt0
6101.41517305,1609.02492966,evt2
6105.7612689,1603.81413303,evt2
5714.52965532,1375.5140483,evt0
5727.88682311,1376.92550767,evt2
5725.45399987,1352.59321119,evt4
5844.24164244,-125.078642839,evt0
6764.87750207,415.901671194,evt2
6736.19809462,419.821386882,evt4
6770.54708929,375.08533803,evt4
7542.06886015,1364.99216559,evt0
7530.76512169,1354.96595493,evt4
377.562443056,8581.78859198,evt2
357.470659927,8579.52498851,evt2
381.09054886,8551.53654962,evt0
373.922777718,8588.80826829,evt0
6672.95328437,6511.70691082,evt1
6709.10927484,6509.50843278,evt2
6448.88282675,7504.27039697,evt1
6462.22896527,7491.99920577,evt1
6459.31251808,7496.16800724,evt2
6425.49041957,7472.02857052,evt2
9335.18446894,4767.11654233,evt2
9323.26110959,4731.80108835,evt2
6799.46851972,2128.58604853,evt1
6765.67308656,2131.49499606,evt1
6774.2534823,2102.09400589,evt2
6777.60183158,2125.5390865,evt0
2711.22773447,3795.80341617,evt2
2717.10938299,3776.88276336,evt2
515.777890353,544.420790205,evt2
482.705390769,564.734868985,evt2
489.960807658,552.321874484,evt2
514.953890831,566.00314302,evt0
480.274125265,571.80544327,evt0
515.334612273,529.556341915,evt0
483.267824415,546.886030479,evt0
3899.72857769,9747.57995098,evt2
3903.03235604,9720.3342611,evt0
9789.15452769,4006.27837626,evt1
9772.16189177,4003.08233133,evt1
9787.48330058,4033.70793341,evt2
9768.43767448,4039.0227476,evt0
7577.0268776,9476.71463509,evt1
7566.44684714,9484.79570693,evt1
7565.51201924,9464.31081763,evt0
3226.90881184,2537.36833373,evt1
3210.78042899,2509.87765302,evt2
3215.36335116,2546.62668414,evt2
3234.18793568,2522.39133911,evt0
2779.98675371,6470.9787891,evt1
2775.34451165,6452.35815946,evt1
2797.7792413,6433.26937664,evt2
8304.01384519,8054.6688261,evt1
8344.911182,8078.84738264,evt1
8333.26103976,8053.68367388,evt2
4622.58296545,6114.35632683,evt1
4609.18378767,6097.48426563,evt1
4612.94414025,6111.52650439,evt1
4613.05170745,6079.41915322,evt1
4601.1196024,6122.13965908,evt1
7836.24596813,3966.78912914,evt1
7842.04222707,3958.43105976,evt1
7842.70448774,3962.26628049,evt2
7845.93197413,3963.93396761,evt2
7841.5088088,3980.79748486,evt0
6843.34528282,1605.80068135,evt1
6863.19582241,1594.06819658,evt2
6818.30042217,1594.86533524,evt0
4424.28819405,1139.73586183,evt1
4414.24961652,1119.36657005,evt1
4426.61747363,1147.37969317,evt1
4410.17536189,1153.16796551,evt2
3833.51669561,9087.28762723,evt0
3820.40216746,9079.01109185,evt0
3797.83108103,9079.89137734,evt0
9847.21718115,7946.96994168,evt1
9829.64405914,7936.19774429,evt1
9831.22418494,7914.93734433,evt1
9822.79615478,7918.41715603,evt1
9839.15101888,7927.41533061,evt1
9850.90693715,7934.05088115,evt2
9844.27888621,7910.72894417,evt0
9593.12181329,4117.46773775,evt2
5040.41866702,8689.7911808,evt1
5084.11963934,8724.56723892,evt1
5059.93612863,8702.13028077,evt0
5085.8944916,8699.11099013,evt0
4176.88387872,3697.05367837,evt1
4207.67845149,3704.79652981,evt2
4215.10431511,3714.22292561,evt0
3985.66710002,7153.62922674,evt1
4010.72469208,7171.1953487,evt1
2199.33636638,2541.25317158,evt0
2192.58560776,2533.11031198,evt0
2001.35027867,252.61816224,evt2
1990.069552,267.015355701,evt0
1982.33909458,268.749699046,evt0
5974.39181145,4490.86328718,evt1
5947.33304048,4460.90460755,evt1
5967.41924366,4488.44723688,evt2
5963.88349239,4489.56515788,evt0
5965.03327469,4465.8368482,evt0
9825.59482602,3342.24128603,evt1
9816.35171262,3346.59429893,evt2
8763.79378803,9864.57033936,evt1
8796.43490687,9858.38422867,evt0
8786.80474583,9887.9687333,evt0
7802.61921936,2959.02491475,evt1
7777.08102976,2979.64138472,evt1
7815.6821869,2975.73656345,evt2
7786.61121033,2938.88208633,evt0
2614.8121762,2312.23993033,evt1
2594.44903648,2315.69378546,evt1
2593.88282758,2317.87293872,evt0
2605.25001971,2349.30391576,evt0
4490.52790554,7712.66598817,evt0
4502.30669589,7699.52977858,evt0
7382.06227864,2217.73193211,evt0
5985.96892816,6577.3256524,evt1
5956.2974809,6595.07071311,evt1
5970.13361846,6569.48628391,evt1
5975.85527028,6572.54440536,evt2
5969.13910331,6609.10241821,evt0
6342.04191859,6654.0379053,evt1
6305.19846432,6628.0546686,evt2
6319.64982861,6631.99227884,evt0
69.0470836119,6452.2657417,evt1
91.1491489444,6461.64792282,evt1
7844.29478959,4808.05272511,evt1
7869.83562069,4834.48608528,evt1
7873.52353315,4827.40290234,evt2
7877.58257896,4820.60369921,evt2
7879.71841342,4812.91722538,evt0
4915.01968269,6252.57484277,evt1
7841.52657103,6580.10936546,evt1
7825.36909568,6549.12762438,evt1
7858.49905273,6574.09554255,evt2
7824.02969479,6550.96044938,evt2
4054.12985156,7881.27055395,evt2
4069.05230185,7906.82601535,evt2
4055.12814151,7911.80271935,evt2
4079.38055123,7910.06771966,evt2
4062.03360023,7907.85037069,evt2
1920.98134903,2843.71701733,evt1
1922.57652585,2843.22313607,evt1
1963.11675593,2803.59246246,evt2
1948.52600795,2839.00338944,evt2
1928.99579702,2805.34469524,evt0
1945.70468403,2796.71784596,evt0
5452.67014725,6963.93684526,evt2
5448.30024012,6946.81833392,evt2
5469.90297413,6970.78727553,evt0
5473.80586386,6972.5193146,evt0
5478.52834559,6956.45881992,evt0
9697.92976481,4780.85589551,evt1
9732.72165888,4750.96084555,evt1
9728.68776415,4769.2093477,evt0
3698.0696493,1742.46459247,evt1
3731.65103237,1750.8887042,evt1
3703.90003304,1777.92911253,evt0
3709.59380866,1759.18317732,evt0
7946.55800859,2562.14609292,evt1
7930.06270871,2584.5867459,evt2
7920.22339541,2587.47958567,evt0
7925.69453242,2571.23852028,evt0
7934.15350091,2563.62996239,evt0
2536.38690896,2941.93451497,evt1
2544.75765694,2953.38154957,evt1
2565.68479651,2925.00590222,evt2
7346.44951708,2438.72813304,evt1
7355.48815492,2433.77745222,evt2
7340.33125992,2449.41819972,evt2
8995.15769645,322.081797241,evt1
2008.23731586,378.87476308,evt1
2000.9008707,379.128715627,evt1
1995.79250319,362.352065395,evt0
9131.50735503,2220.76682845,evt1
9126.93061514,2241.68541832,evt1
9155.10436548,2217.3853494,evt2
9128.38126045,2219.98981886,evt2
9159.9650133,2227.04813961,evt2
4312.64862231,599.23389753,evt1
4337.45031715,599.451338601,evt0
6434.95417438,2443.30352342,evt2
6461.35164796,2426.12249204,evt2
6446.53968327,2447.88850112,evt0
6467.13504438,2462.71468504,evt0
2632.06032411,7071.27001036,evt1
2668.85035235,7070.58602487,evt0
2133.73838786,7740.4750887,evt0
2168.97877017,7732.18384446,evt0
2153.36170488,7734.01922414,evt0
2001.61001951,7361.8917301,evt0
2023.16244012,7336.82660206,evt0
2576.41075048,8527.03342463,evt2
2586.62359469,8524.58203019,evt0
1708.28075152,8450.07327043,evt1
1665.08955117,8416.52228984,evt1
1699.74753508,8428.54686371,evt1
1710.8623891,8451.96611954,evt2
8119.6366262,8825.76442484,evt0
368.976261077,5379.72997891,evt0
6377.66597025,2243.10452625,evt2
7968.04362606,7318.48359304,evt1
9602.59972377,7059.75140181,evt4
6557.27455866,6357.83151246,evt4
7165.55300486,8937.99446271,evt2
9696.2103097,1983.77230484,evt4
1243.81882012,1526.70264362,evt4
7570.96856143,4622.64934894,evt2
2514.00988307,3480.37347196,evt1
6562.93427488,5321.32350247,evt4
5695.75387949,9391.93778913,evt4
6657.83961177,6442.14014349,evt3
2391.76129825,5657.86346012,evt3
9971.65965795,772.45190465,evt1
5288.10545722,4645.66379206,evt4
1534.54383972,4046.93741939,evt4
7109.07566945,7469.25158007,evt1
3130.88889969,7695.82249072,evt3
7656.27712566,8942.39774056,evt4
1368.1577463,9831.66801672,evt0
9584.90529536,1852.49226987,evt1
4416.92347303,7944.40203286,evt4
3688.53585499,2658.5467308,evt0
6570.44721128,3893.08297961,evt4
5075.37448136,1.35888933926,evt0
5837.40152872,2752.2705795,evt4
5168.03726578,638.464717964,evt1
3664.62176374,2313.04836041,evt2
4269.41272315,3506.28883347,evt1
9938.44297661,4476.33502143,evt2
2110.21903816,2980.5898256,evt0
6795.75725802,5167.48029395,evt2
8482.54780568,5770.7272498,evt3
9855.03910936,8391.05816429,evt3
6382.13337818,8877.77767602,evt2
8040.8024009,2330.09959432,evt4
4121.68506699,1754.11600656,evt2
6651.53189892,4182.47323248,evt2
3044.30019038,8092.50035993,evt2
9516.7696669,7686.22389425,evt3
737.400452894,9884.81226733,evt1
4304.24104016,1146.38711913,evt4
5165.49589333,8298.655676,evt3
6788.15778978,3422.04821371,evt4
997.349946805,4590.05681251,evt1
1928.82530644,1851.58537628,evt4
1905.29975509,2370.80632913,evt2
9166.22696429,9912.27980303,evt0
7226.79745848,6673.30847409,evt3
7605.48431312,3145.21691757,evt0
2530.76738623,2884.06120752,evt4
6902.95633278,5633.76169804,evt1
5123.28499901,1091.18030312,evt4
3257.67143749,444.710502056,evt0
7694.42276429,8690.34851432,evt0
391.918136185,1481.89307121,evt2
138.048774627,4883.12462734,evt2
6911.83430323,8612.02917972,evt2
3054.55275048,7424.89221218,evt0
9281.46976163,1677.49296182,evt4
4941.13139537,134.164344206,evt2
1004.06858441,661.237887667,evt4
928.169557993,418.923939292,evt3
5067.89880485,6197.69445979,evt4
7485.54029508,8812.97236388,evt1
4022.76037371,1106.48688796,evt2
7662.40689459,84.823048906,evt0
3248.01801232,9712.1037824,evt1
1833.04003187,8980.48259834,evt1
4686.11470008,940.280769236,evt2
8576.81803186,6457.6479382,evt3
6533.38445418,8448.58677374,evt0
81.75292218,7284.52662729,evt1
4664.00681064,7739.45857381,evt0
3634.0299276,6539.65052658,evt2
8418.36640501,5721.99574697,evt0
5761.84548953,3072.69538021,evt4
3543.81204652,7070.31375192,evt4
8412.76270375,5313.54720191,evt0
5919.30127457,3954.91462113,evt2
8536.30610161,4184.97326096,evt0
4833.65602209,4625.54171556,evt2
8907.11199388,9374.11863765,evt1
5127.75761789,4818.55260428,evt0
6518.22267871,3239.62365103,evt2
6806.97592014,4425.41860917,evt0
1141.36918621,5388.93860307,evt3
7680.21067773,2985.93487538,evt2
6373.36156325,2965.49453813,evt4
3111.45403508,8217.26062856,evt0
7495.12206258,6381.98884231,evt3
2365.06038711,4505.66495573,evt3
7791.61853127,387.474497759,evt1
950.232798953,6455.39622053,evt3
5829.87540724,9691.90370131,evt0
6202.17048553,6571.10357448,evt3
8465.46542903,7479.68337404,evt4
3331.48547651,2154.06104381,evt3
3200.70476998,2603.0743398,evt3
1673.78893402,3078.28667227,evt2
7711.60974105,8181.48106645,evt1
9517.09037058,6295.96744181,evt2
7197.58750335,9023.17785503,evt2
6027.43950503,7088.57235792,evt2
9289.10137592,8894.77904598,evt1
4662.46166926,6402.92662454,evt1
5796.91180707,5907.70261197,evt3
8571.75797822,6912.74891374,evt3
9056.90168272,2422.79620308,evt2
8935.54489762,387.956065801,evt4
2007.5605673,9617.43453433,evt1
3135.23664597,6410.18385053,evt4
8932.60412962,1626.38800265,evt3
1845.37050442,5898.06616192,evt4
2818.82403809,4515.03644619,evt4
6523.58969805,5259.16526354,evt1
8833.53957265,4974.13513424,evt3
6662.61499862,4251.20179756,evt2
7077.86476172,8671.73355573,evt2
2791.47858697,4941.6590125,evt2
4827.68643887,8395.38359411,evt0
7040.68875277,1893.78647465,evt2
8768.7185726,1031.46816107,evt3
4048.08085557,976.187331438,evt3
3727.23395993,5176.10499947,evt4
2828.96561844,4994.75519695,evt3
9055.0394155,8861.6019138,evt3
4474.29753034,902.490265842,evt3
1644.64451775,2440.75871175,evt4
8273.38110454,997.476353662,evt4
7711.68324547,8552.85299646,evt3
6526.34064312,5285.81546214,evt1
4873.83402258,5592.09903801,evt0
3033.71491924,533.844937576,evt0
6083.22136487,1925.07871437,evt2
2548.28238632,4632.11377488,evt2
8138.93080458,2190.37408686,evt4
4517.69808265,1030.35689318,evt1
9323.90951078,4739.1525968,evt3
2573.68999367,5646.4293046,evt4
9237.36130008,3541.24751994,evt4
4265.49921332,3145.14115236,evt4
9184.93932907,298.122077083,evt0
433.17089035,8639.66373626,evt2
5071.90651118,6815.02663019,evt1
9991.57212777,6693.03033238,evt3
7629.76553495,6451.95431002,evt0
4300.97487846,4523.50200611,evt2
215.733244914,698.841316501,evt1
8653.24674875,7643.56615605,evt2
4900.95347347,7044.51852845,evt4
4043.70567568,2834.20846263,evt1
131.00203691,313.076726769,evt4
5270.58790919,5887.223656,evt0
5084.65881198,7577.11302948,evt1
3575.71316205,5138.04444478,evt2
8722.33442671,1760.24806218,evt3
1029.7589561,6659.03365798,evt2
7855.58683724,7774.20726149,evt2
84.5756808268,2377.95037298,evt0
906.183452803,9400.90116906,evt0
7300.33760662,8267.38677808,evt4
7425.9009708,8341.11455468,evt4
4968.09123291,8887.96241251,evt3
1332.52349999,3804.88357324,evt4
9024.95058591,3314.42708283,evt1
833.779925266,8739.06410362,evt4
3722.51068694,3587.15075273,evt2
7986.69817655,9356.8462068,evt4
1501.6667811,4663.14178314,evt4
8974.28550015,3914.61279366,evt1
2914.57290553,3524.13463396,evt1
4004.70650105,4171.09083196,evt3
565.014491632,6627.17627959,evt0
941.551733408,72.8363486638,evt0
3260.84353548,4031.43317077,evt2
8397.58153807,3755.24086139,evt0
645.883322224,5243.17806922,evt2
4985.85820953,1118.15758588,evt0
4378.83982398,835.597579153,evt2
2269.56551822,2544.09613872,evt2
369.088369246,5408.47218085,evt3
4817.13650155,1116.30387525,evt3
559.156532097,7522.78799393,evt3
4853.86152152,5603.9931475,evt1
3177.49203415,2760.56451747,evt4
6069.11689808,7789.91645487,evt3
7202.69296544,5229.7843129,evt2
8439.21603424,8216.33401129,evt2
5350.9367164,567.767495273,evt2
8704.28120572,1136.2041979,evt3
3406.39382685,7809.18108212,evt2
9320.59322961,8176.52235426,evt3
4103.52828404,589.86484906,evt3
3364.16342678,6116.01016604,evt0
3288.41649614,9319.7289021,evt4
8002.24011288,8100.99242539,evt4
6615.0281385,1612.41945776,evt1
3599.77805348,592.329760567,evt2
3113.03577146,7015.62865361,evt2
9114.16357798,7325.09823117,evt0
8770.12968636,6403.72916898,evt3
3787.11498437,8666.50316327,evt1
1596.35913462,9643.57979045,evt3
3220.51760389,5675.37909652,evt3
9317.82119151,2439.08504386,evt3
8079.82435358,3343.09099661,evt2
7597.14375406,9736.96766594,evt0
2227.32866534,23.6783515274,evt1
6675.98150089,7796.92696289,evt2
168.158047214,588.543501072,evt1
9600.20565926,1628.91693801,evt0
3801.74805446,224.488813754,evt1
2415.66100132,4021.03120579,evt4
3556.31507124,4374.96598222,evt1
634.913585045,2164.18729298,evt1
5359.64405682,9367.96965468,evt0
5526.67916271,3558.25315598,evt4
313.893530265,3290.41508239,evt3
6.05559538997,7186.06668917,evt4
341.467646954,2553.74160928,evt4
9237.25662333,437.95566598,evt4
6407.84200728,1896.63696976,evt1
9252.12233746,88.1322364832,evt3
9523.33066242,6913.769363,evt3
5765.58331487,5872.90834024,evt1
7702.65064013,9580.73782716,evt0
2182.96833611,5470.27621988,evt1
1246.97080937,9985.78860628,evt2
9979.55261126,1316.38255817,evt1
690.224731292,278.853215231,evt3
8900.25030935,603.044918178,evt1
1937.6904074,1504.45574038,evt0
5080.98795524,9002.45351421,evt2
6414.88627125,8918.65574911,evt1
7038.32403962,9198.93915498,evt3
6564.73621686,4607.44461912,evt1
4933.60203902,8312.19938694,evt2
9204.16705664,7085.27882261,evt0
8441.91743599,347.243891178,evt4
3724.12822081,3985.80845494,evt0
2393.2303856,2291.73067902,evt1
6577.68608316,5054.76819763,evt0
1510.25876384,5323.05528141,evt1
22.2236767015,2131.23209818,evt3
2773.60317816,6523.22403547,evt1
3898.27597919,864.779031292,evt4
4142.7845025,4669.34869497,evt2
4851.0816168,1164.84937624,evt2
2952.14257955,6944.33432563,evt1
3145.77210248,1217.62128909,evt0
5223.8497906,3968.02226021,evt4
9054.24005959,6418.12231805,evt1
682.866399422,9623.29984576,evt4
933.448608418,6484.69457716,evt4
8357.80210848,4062.72371506,evt4
3151.20707561,4008.44694134,evt2
4769.58810326,1706.45898608,evt4
216.85912426,4655.52358749,evt4
7460.84862344,8442.17901756,evt2
6641.01990507,2192.03179555,evt3
9156.43607732,2418.24142369,evt0
9931.65491735,3098.19525499,evt0
1923.41989554,5803.51567976,evt0
6841.90361266,5491.83089452,evt2
1205.7088467,3366.54083225,evt2
5533.42602788,509.595536659,evt2
5289.37925624,1335.27574202,evt4
9449.44081047,347.595586335,evt3
6690.64807755,1474.99797072,evt2
663.742518034,1626.16163936,evt3
486.824910775,7622.19468962,evt0
6827.38520141,3316.65713586,evt3
201.02845377,2547.84149908,evt4
1351.44603723,4963.8233346,evt4
263.227769656,9418.48295969,evt4
6676.98432034,2746.12356097,evt2
6118.65743432,3406.87652363,evt3
6037.51407827,4296.06553277,evt3
3270.9813106,8940.65499705,evt2
6684.62751593,3797.90551502,evt4
2567.80003898,4896.81260005,evt1
81.5189742687,8201.07379399,evt4
1397.7771875,3465.61477037,evt2
4440.90300869,6036.9195709,evt1
5027.2721668,1396.26382609,evt3
8970.91552704,6072.43726777,evt0
974.892431254,1435.7631243,evt2
3481.98312471,289.744008345,evt2
6280.67923255,1806.06402355,evt2
5005.71984323,4222.83058773,evt0
4241.48577623,5113.15008522,evt0
3492.90173251,1315.02434157,evt3
7928.38460235,6990.19692061,evt1
9750.92901371,5108.23039023,evt0
1013.68650156,4323.59461432,evt1
4294.62707727,4482.05858568,evt4
8183.66357683,3767.33928503,evt0
2686.21173849,2975.88927532,evt4
4882.59874911,2586.99984693,evt4
7539.1781077,2779.96469623,evt0
1969.19678497,112.301128997,evt4
9185.32826594,1435.25887896,evt0
4916.39580997,4863.40345387,evt2
3351.08858601,7264.38862877,evt3
2975.78254743,321.808565293,evt3
2546.54289323,9707.16491317,evt1
9654.72174221,4471.69272931,evt2
4501.74591967,4690.81455937,evt4
5580.08656997,2859.061526,evt4
5035.16997433,4000.7411943,evt0
2884.35894358,2769.96816825,evt3
9461.83684913,5862.10703303,evt1
543.236091331,7642.03746356,evt0
5392.02299239,881.419384946,evt3
3350.42831741,951.704736289,evt0
8697.95060942,3424.74335984,evt1
2893.97512707,6000.06951027,evt3
1561.82274947,3311.03647634,evt3
2865.23958501,4904.81051765,evt4
4468.34391495,7759.8874143,evt1
6686.99178107,6522.61388135,evt4
5662.70855962,4367.94461807,evt1
1478.51693692,1411.08149269,evt4
4311.34986883,7602.52772076,evt0
3187.351703,93.0497131805,evt2
9662.12697938,3416.89820656,evt0
3057.67557488,4346.94281226,evt3
7589.74916682,7386.43628285,evt2
9290.19108789,8651.41149504,evt4
9133.55196398,7428.93360255,evt3
8537.38742627,5725.49758796,evt4
7703.03704736,2504.58726117,evt0
2767.80437686,1731.54428047,evt4
1144.27265233,9602.58245926,evt2
4088.12880292,9638.16964247,evt2
1206.4486468,3054.82259789,evt0
9481.87556369,6444.32904193,evt4
9297.43732259,797.967741251,evt1
6781.9729211,3414.65548219,evt0
7447.83242045,5114.92971106,evt2
7521.04795336,2943.53231877,evt1
4818.43316907,9102.64531684,evt2
4485.04564943,7265.51308194,evt2
9325.17857954,786.265417844,evt4
4097.25281532,7200.89454064,evt2
3719.16743831,1228.05180767,evt3
5843.99045185,8329.24280635,evt3
2520.31031556,1676.86209653,evt1
9202.0444916,1880.14651958,evt4
3935.36818224,4457.31459077,evt4
3030.93353813,6219.38433151,evt1
9138.47826085,606.781632614,evt3
6051.15060195,9965.21814275,evt1
6864.87973576,9138.93762848,evt0
6472.76866411,6454.50759621,evt4
7200.88447105,7481.08261529,evt0
4512.70166551,4314.7771174,evt4
9820.78721215,9261.85107325,evt3
8681.23569564,2370.25084085,evt0
9246.2009527,8935.15545007,evt0
7697.00616526,5397.98368635,evt3
9475.75134018,4675.05935633,evt1
867.028745282,6524.00686195,evt4
9465.5062389,8983.75074602,evt1
1835.4041171,6358.62081847,evt1
2582.89805455,6035.91993185,evt0
3680.97522154,5877.92028948,evt4
6908.04631935,3559.68968994,evt4
4519.64063562,3277.85465011,evt3
687.976208234,1582.67182281,evt2
2782.1176072,2312.08520118,evt0
9817.28349462,4602.01576649,evt2
7172.1562165,1978.48722711,evt4
1419.67311894,9376.76351559,evt1
8227.21395837,3516.71087571,evt2
3013.66675757,3418.58213042,evt1
799.328073779,6340.41130481,evt4
3059.52376607,8291.63895961,evt3
6001.32604584,2988.37860661,evt4
4157.44031208,8866.83884194,evt1
2423.84036241,753.595785511,evt1
7236.5206328,5361.02311761,evt2
7637.66725126,2313.62950174,evt2
1698.2924059,4833.53153741,evt1
146.379519114,4797.65944634,evt1
3445.24561862,9044.52818972,evt0
7444.46911524,6250.22582059,evt1
3593.13966172,5033.63820483,evt0
2959.71713624,6218.76042394,evt1
920.530697851,4463.1086857,evt1
5727.87677017,9221.97030752,evt2
328.355467351,1138.85740744,evt2
4917.44998373,4280.59294537,evt1
8167.9106976,5350.74999322,evt0
7985.22778092,1788.50558933,evt2
3015.63675918,2745.84721412,evt4
2271.98198079,3235.61277593,evt2
1876.90119307,3913.12724526,evt0
1628.2073455,1762.50075214,evt4
4048.5097246,437.141291268,evt4
1404.29225838,1358.87606971,evt1
1986.62179289,3301.47696405,evt2
6320.37087528,8849.51672086,evt1
2899.83171328,7676.32888089,evt4
8695.82358162,1476.44087412,evt2
6500.51542409,5887.34241055,evt0
26.4806982499,1174.89485559,evt4
4229.07583684,1980.5895299,evt1
6633.88474361,6857.02775177,evt1
6319.01228775,3344.87513358,evt2
9714.06687766,8615.17977188,evt1
1877.22621515,2242.39165582,evt0
2809.3697044,5055.85710284,evt0
9891.58632119,7186.1195993,evt0
8548.29745451,4936.47280804,evt4
3777.66934436,5493.58450492,evt4
55.3902852232,9834.81920748,evt0
7505.7775846,6749.49666483,evt4
1162.91751619,4069.77030375,evt1
9531.52015378,6489.57804647,evt1
9127.21954598,372.119956592,evt4
7760.57001006,1650.57378462,evt4
2658.66100907,30.6177111642,evt3
3475.23552198,6790.35233968,evt0
5755.11080338,3189.92774147,evt2
473.501161781,8352.6496745,evt4
6871.15488756,3709.77791395,evt1
1520.06280243,3726.75283904,evt1
738.975748774,372.9841981,evt1
1367.16069349,3352.85678757,evt0
5660.01531754,7098.67586563,evt1
3048.15807164,4452.33270606,evt4
2603.02879031,4987.35168487,evt3
2091.69400755,5519.17592799,evt0
8604.13446719,6530.00084541,evt3
9695.03073541,7937.84659594,evt4
241.836948029,5935.33804092,evt2
4128.71320989,4300.90810922,evt3
5972.0715167,6511.41278007,evt2
6581.86723222,8254.07522338,evt0
8567.30516657,4433.50963977,evt0
8423.18086759,1156.22780364,evt1
3058.9381306,3153.06919727,evt2
9797.31294007,8430.74502527,evt3
8384.3006073,9704.85182224,evt1
7558.40592806,4556.45972549,evt4
4673.58414459,7268.84900315,evt3
4978.94897463,1671.61477468,evt1
6487.93855719,6933.00098044,evt4
9399.77482676,2469.50499469,evt3
4898.73503537,6030.43208964,evt4
3698.08935983,8089.91164846,evt4
5219.50342482,3546.08864712,evt3
3772.85725102,6407.68562112,evt0
4027.47501986,5469.03037786,evt2
8433.36653197,6531.49198283,evt0
2160.68007751,9541.20510498,evt4
1014.98936559,5220.49738459,evt3
5525.02225501,9014.38483889,evt4
8980.30376925,8915.44842105,evt1
5419.2267915,8689.07279372,evt4
7717.31505569,3767.19849206,evt4
9624.77822607,426.064110936,evt2
1752.35854747,3481.25835936,evt4
2226.47429919,75.0726424678,evt4
3601.15704554,2726.91680812,evt1
6949.82897592,1503.67223141,evt0
2437.19905183,9839.16397238,evt2
3472.34235903,7458.39768013,evt0
9535.94998745,1047.17931358,evt3
4558.62212867,6774.97109108,evt1
3410.02331567,561.365160273,evt2
2144.40443484,3495.37188271,evt1
7335.44444182,5244.46058637,evt1
3876.8145144,4359.51609247,evt3
713.881762055,4876.08685469,evt1
5200.49396885,4512.73169869,evt3
603.222039077,7109.38879596,evt2
1358.96277171,9090.95172864,evt0
8725.7545636,2146.34800969,evt1
5220.90847277,1915.23560891,evt4
1314.4946445,9188.82402892,evt4
4485.29347431,6219.57844302,evt4
5154.83427071,9555.3114136,evt3
196.466265077,8815.25592038,evt2
5839.26126549,2485.76626585,evt2
6551.6190777,8184.48242266,evt4
1676.10783981,2838.94309656,evt2
4797.49973985,8312.21852178,evt1
7481.64610356,6028.8204656,evt2
6740.30673213,1631.85965988,evt1
3395.81729001,4155.11177448,evt1
6016.46966864,8386.21773693,evt0
9486.52648656,5166.62522767,evt4
5497.11937238,4251.06819027,evt2
6611.35514516,8448.4638488,evt1
1361.23519208,6305.83586151,evt4
4554.47281005,4611.75044487,evt1
8561.74187029,3322.5560294,evt3
4170.26834458,3514.77791127,evt3
840.217808406,8809.00999218,evt3
4682.96892589,7932.59221478,evt4
50.0417024711,5656.26608964,evt2
9554.89203473,6280.69549196,evt2
6607.19891769,6600.68295639,evt0
1238.51845465,2942.21546723,evt2
8851.06825077,3478.13589124,evt0
9227.73836116,4639.70259004,evt2
5714.33619526,8326.32657931,evt0
2451.13287326,405.342785767,evt3
1772.24944318,1109.29929192,evt4
7132.54751424,9374.34247975,evt4
3943.40887809,6609.92251873,evt3
5266.11951984,5811.28784178,evt3
1698.30575493,5640.21472886,evt2
7540.41944199,1445.84283791,evt0
1468.6124477,3412.33764886,evt0
5092.57204301,6795.96738175,evt2
1688.64313414,3571.66725427,evt4
1633.98805024,9359.8329158,evt0
2251.58865709,4414.71590489,evt1
2854.94096707,8817.64444897,evt2
5458.57020374,4840.47064424,evt4
9503.1987564,8762.71770717,evt1
8765.31577103,8000.66645051,evt4
205.731292664,4884.95694085,evt2
6340.73007009,9720.36249203,evt2
8692.12774415,586.760699529,evt3
1195.91256627,9275.07973817,evt0
3208.50725571,2579.31703791,evt0
6344.13834444,7737.88448181,evt1
7790.46237383,4305.70854138,evt1
2920.36621732,2783.17826641,evt4
499.76263996,6602.6755815,evt2
7212.73924894,3937.89060202,evt2
2536.7866252,5354.14609501,evt3
203.214309995,7623.46909783,evt0
4597.58611294,4458.51177332,evt2
7813.07507868,9486.39257602,evt0
7420.63687617,3130.10987561,evt2
9290.111486,3602.75774584,evt3
957.196851213,158.270701519,evt4
861.250130676,9573.9627776,evt3
6400.92845043,7105.13888712,evt3
3930.87812301,5104.60232513,evt3
3231.22598277,1817.88074702,evt2
3293.63692169,7922.29624839,evt0
1503.00656642,3386.86745688,evt0
0.190454514609,2824.34574402,evt1
6431.4354063,9099.57511002,evt1
8461.67305953,9081.40839396,evt1
137.389359153,4810.78819516,evt0
6364.65382899,3102.71383007,evt3
7566.89515494,8589.91261731,evt1
9800.88823154,9930.70141646,evt3
4499.20428369,2163.37500886,evt4
2823.66973777,4395.28644358,evt1
9208.44585809,6260.16015189,evt2
9298.16754728,8683.20729455,evt2
3851.62575347,657.374535958,evt4
6158.46646996,5807.35550629,evt0
6766.58373014,2302.73046744,evt2
8190.59254804,3648.66039335,evt0
8758.41879891,1328.91489718,evt4
2784.54995391,6544.23162803,evt4
2699.0803112,3198.07743391,evt2
9405.98312329,4808.74334877,evt4
4225.45327322,917.174990561,evt1
7896.07746928,6299.48374534,evt4
9947.34739147,7670.23963246,evt3
6413.96214124,5556.84585555,evt4
567.536130632,3464.7892434,evt3
3382.01271688,9015.62101827,evt2
5070.81991663,854.492954472,evt0
2431.24230549,1350.9655199,evt1
658.325851597,4155.44021584,evt4
8985.46352547,1478.90431171,evt0
7632.62121858,3362.25539576,evt3
3634.74940093,605.555368738,evt4
2693.50434922,9574.91485034,evt3
7405.15810427,9892.09717426,evt4
9690.52231785,2603.25474243,evt4
7201.49011574,2489.24979092,evt3
7210.01243319,2652.31252556,evt3
5685.49015299,8305.16737131,evt1
4431.27432274,8374.04785978,evt0
7917.31996541,1333.09751239,evt4
8051.75057055,2209.80695937,evt0
1080.59020474,5857.80679254,evt4
6493.6461692,3268.82627389,evt2
8698.19758863,9592.80530091,evt3
3638.70020808,2695.36765723,evt1
9986.49521351,9821.64123168,evt4
5366.60767165,4738.65350676,evt3
6848.54785018,5329.00387928,evt4
6238.88133308,9172.48602257,evt4
5667.36323999,5004.47038759,evt2
4373.34297355,8650.71618869,evt3
2010.17861622,1148.16001675,evt0
3519.39639046,5748.95794694,evt0
9903.99526821,3423.31368574,evt1
5806.23875459,7856.17723747,evt3
9538.71362094,8572.16323994,evt1
4809.06450462,9262.07583833,evt4
7175.63661735,9688.83231267,evt2
1644.07074246,274.319430771,evt3
5435.42778555,7447.19350359,evt1
7552.81910278,2880.88770965,evt0
1038.8079283,4436.89754591,evt1
9215.78972188,904.296721628,evt1
1873.72680343,3.92183575087,evt4
1425.60329258,4743.93934192,evt3
7297.59883688,6514.60262974,evt3
406.527059177,5057.08020766,evt2
9555.88062022,1362.27385869,evt3
5911.76848101,7124.12785515,evt1
9994.31311181,7576.6920723,evt3
4840.4868039,4586.44128797,evt2
7566.05017896,3656.03599353,evt1
6529.65804885,3651.58388727,evt0
3234.88683408,4262.9236635,evt1
8999.52493886,5521.51702835,evt3
3201.94754796,8898.8886532,evt2
6428.92660344,9827.25309311,evt2
9289.73185513,4108.34892743,evt4
1452.70470575,400.523842998,evt1
5596.93304173,2156.01019311,evt3
5614.99017392,6410.84650335,evt3
9487.23683123,9822.41639548,evt3
2027.80593204,5164.29740543,evt1
3945.47268732,1610.90084014,evt1
1630.49800722,4191.45692122,evt1
8027.00482545,3794.82380529,evt0
9599.39452256,1928.08785356,evt4
5147.71806471,368.188793636,evt4
5532.52440967,9456.5738382,evt2
8064.74882244,1644.0979898,evt3
2033.37803636,4981.45139449,evt0
5444.28922734,9885.53205599,evt2
5100.51245321,665.219883952,evt3
1711.59043394,443.213484463,evt3
1249.10436279,34.1513018639,evt2
4603.80662875,9957.26980554,evt2
3194.35170777,6650.61745597,evt1
8485.27611552,8712.4105118,evt3
9834.40764727,8571.21655722,evt0
1227.46668114,2931.24714362,evt1
4737.23851475,4617.16110202,evt1
4377.59655126,7107.51881573,evt2
2696.64798864,637.017718422,evt0
6780.77966661,2352.7099697,evt2
3876.03582287,9045.95147761,evt1
8977.29878682,7277.14680475,evt2
190.59089977,2994.77767462,evt0
6767.32029871,6330.74745584,evt3
8040.73130236,2013.08575597,evt4
2578.56377924,6048.93635084,evt1
8868.00778871,6722.76660733,evt2
8111.14060355,6172.44377483,evt3
5821.65693248,3989.77634639,evt1
1927.26834423,4797.417195,evt3
6144.27228964,6762.43073875,evt1
9947.38428064,5999.83071011,evt1
4924.13499858,5772.37908115,evt0
2331.08890205,4253.08321841,evt1
8892.42743626,5568.40305211,evt3
209.681157309,6928.78112762,evt3
9000.05291793,625.843423305,evt0
4509.36769554,7504.457785,evt0
4434.17905155,5746.11009574,evt3
1133.43117161,181.477294998,evt2
3123.47393318,7095.34869344,evt4
9933.35069763,2769.70177474,evt0
2870.21355352,2817.08417299,evt4
8690.91833833,8786.14578553,evt3
3824.71529443,8393.30314992,evt1
5723.21910707,2969.82153177,evt1
9564.9522234,5046.74117658,evt2
9465.76338808,4732.42362761,evt2
6927.66706145,1479.60584955,evt3
9337.13013766,692.556820046,evt4
4484.61647322,162.417576758,evt0
6395.00465798,8606.20381361,evt1
9164.23954447,1817.20236396,evt3
6854.04171974,4797.37145355,evt4
3911.15351714,9644.75433323,evt3
9299.34245404,4874.07596231,evt0
5013.2026088,2179.05630431,evt3
4923.47506151,7146.522508,evt4
3681.11490934,6500.56141056,evt3
9310.89171405,5326.22389868,evt1
7813.38961862,7731.58022456,evt1
6585.95867159,3178.21073282,evt2
3547.57887409,2691.86359323,evt0
7123.27842634,8257.80219916,evt0
4787.66629345,3049.57669341,evt2
471.804578335,5831.89052703,evt0
3593.80612187,5202.93356113,evt1
8533.22738576,7110.93664698,evt4
9960.36179262,4548.58633551,evt1
5448.0509727,844.221637627,evt0
4547.78286279,5727.31923432,evt0
3979.08410895,2874.06427382,evt2
2053.56071917,909.942824175,evt1
5197.3095137,2587.44781328,evt2
8774.62826501,8067.14220813,evt4
5115.51660042,20.3008415188,evt4
6531.12504243,7909.7391389,evt0
3556.66567696,6171.58949704,evt4
273.198242481,9720.31210761,evt4
7632.39585594,2506.43229721,evt1
3450.01187379,2564.7701601,evt0
590.183209564,1600.43147913,evt3
9008.98115193,6154.68512833,evt3
6869.45395743,5426.02424028,evt3
9090.05383748,1958.37864801,evt1
5431.40254801,4212.62414243,evt4
511.714341323,5008.15848015,evt4
2602.50411964,5804.52665104,evt0
7862.59754986,7106.61274965,evt2
7727.76552676,8288.83979962,evt2
5159.97218712,6421.76714748,evt1
8770.98942109,1605.92313965,evt3
248.07046336,4482.68310691,evt2
3380.66772548,3329.07097471,evt4
3362.3732003,811.011014824,evt0
393.430931327,3994.42108594,evt3
2105.97162217,1124.07021292,evt0
7501.07884932,5487.05348371,evt3
7626.55971827,9502.72557059,evt3
297.951597735,6518.04032406,evt2
6005.95732656,6936.18824671,evt3
6939.77440307,5000.42795263,evt2
5776.93833879,8075.16034299,evt2
6181.59713285,4136.67335356,evt2
2763.43025987,2815.48263165,evt2
5163.78931917,8737.9489365,evt4
757.53512949,5305.57495562,evt1
7599.58570648,9524.80888107,evt2
4679.64172786,5877.10605289,evt1
8466.86088403,5507.2231229,evt0
9944.8942325,2601.71951515,evt1
247.815880997,7074.2894323,evt4
4969.22721176,5576.28341954,evt1
5933.55940422,2130.69582917,evt4
862.085246058,9797.43755584,evt0
5139.83618028,6319.66173446,evt4
1531.58178882,3962.4210849,evt4
3818.02417206,1625.15096246,evt3
4579.48661251,7911.63187423,evt1
6375.57791402,9225.79280175,evt2
6699.26424321,6685.29550318,evt0
6082.53949697,6631.99898336,evt0
7299.28568773,4546.1779978,evt1
88.9593805304,7115.32118109,evt2
9329.73928387,2622.09359368,evt0
7813.87654065,648.346928182,evt2
1772.51882001,9496.63958853,evt3
4958.67232914,2963.74348792,evt4
9578.77018119,245.828766675,evt2
3554.28997997,519.182633181,evt2
9664.8725498,9388.94999932,evt4
2311.19071397,2543.05707681,evt4
6032.22419675,3214.01054678,evt0
7705.3405714,7520.10894837,evt4
4659.3565103,5546.48927955,evt0
8695.96684403,2951.62377888,evt1
116.356032333,1347.41604338,evt1
4382.03248155,3686.73969729,evt4
6726.92981477,4920.76312501,evt1
6649.07101729,5063.73849674,evt4
4262.28630402,5938.81326862,evt2
3814.6841332,4070.54087598,evt3
4087.37559747,1314.87078108,evt4
2155.40264206,6530.3164011,evt1
6817.99484397,2511.59325734,evt2
5995.06419605,6275.5694359,evt4
4361.54817374,6797.7632653,evt3
270.854708304,7966.80903236,evt3
4449.17088413,4060.11891565,evt4
167.699859579,3304.68191913,evt4
2465.62977715,4815.10406221,evt1
9592.83418996,9409.50223977,evt4
8648.14558833,6875.7377227,evt2
3370.27388215,3223.90233022,evt3
5141.58067165,9713.79144853,evt4
444.66722751,2717.33582608,evt4
2580.46125121,861.484196578,evt3
1000.18303132,2139.78796229,evt1
6453.57357755,2607.41182881,evt4
5433.79659915,1674.48474904,evt0
9908.86592725,6448.48883915,evt4
2118.81297227,4474.30271076,evt3
1837.19235729,1920.42295384,evt1
9264.85635523,5733.74089224,evt3
2532.27394285,1910.37536483,evt1
3745.78729229,6883.44042315,evt3
1603.58655048,5670.95081018,evt1
3743.23916656,6159.65133296,evt1
9214.87851675,9643.87968809,evt3
9606.5950585,7474.90036152,evt3
3202.82667586,8487.18134587,evt3
47.3457427627,8324.58126635,evt1
8828.17443132,400.142210292,evt3
7413.49868084,8773.01416976,evt1
4120.33573826,229.64086985,evt4
3427.12271188,7498.91204284,evt3
8125.65324556,4410.77572054,evt2
6238.68305213,6713.57137661,evt3
668.237659374,818.054682742,evt1
2523.14770129,6106.9995471,evt2
7385.98714106,1408.17869754,evt2
8992.3125117,9099.59641351,evt2
2332.12843594,317.443289219,evt3
5301.47348519,6528.10035354,evt3
3439.72266356,2257.24668896,evt3
4564.14636214,9871.38037399,evt3
2330.40910463,4195.02845897,evt0
592.609290631,546.522651712,evt4
6504.81946869,6042.30746424,evt1
6068.30258848,5598.4837605,evt3
4219.33778203,2081.24972868,evt2
1596.09733407,6243.71820821,evt4
6339.68365245,5321.17140725,evt4
3923.38901066,6078.15840597,evt4
115.605455668,9431.95654333,evt4
4649.08455062,8917.08415627,evt4
9607.56810279,976.88612263,evt3
4039.82089816,5353.40189179,evt4
5704.61338246,1877.91615187,evt3
8418.4296559,6139.87472794,evt3
7561.75097627,8867.60852098,evt2
7017.05351248,7542.81552465,evt0
2459.63330625,1419.85327189,evt4
1733.94972241,5142.95474926,evt0
3174.20222927,9284.72214177,evt4
5803.92421512,7354.55968575,evt3
945.372391307,9961.73492276,evt4
6003.50220246,2670.06245563,evt1
6756.97438611,4268.01653973,evt1
8193.06611339,583.903499555,evt4
6741.92642076,9991.43500049,evt3
5857.13197318,3994.1412065,evt1
7845.9017879,8334.64388187,evt3
294.671626957,8321.9186538,evt1
8712.13530823,7621.35637116,evt4
6318.08222044,4612.20630034,evt0
4500.00120788,2271.37610167,evt4
7295.30289807,7204.23839749,evt3
6476.55089002,4172.02552312,evt1
1194.61104727,1088.97700677,evt2
8847.59653142,6751.19817837,evt4
5632.68906077,3452.45259468,evt3
4949.5377478,5896.82416075,evt2
3117.94039583,9587.06196586,evt4
2302.14750326,501.513774814,evt2
7993.5561624,9953.22860696,evt3
1650.58457482,1833.94926461,evt4
4876.14258469,9651.24655741,evt1
6861.05105968,2913.23572584,evt1
5160.43683998,4906.09229996,evt4
7849.70146038,2909.46749831,evt1
7331.08715725,5135.83722788,evt0
8276.87516128,6689.73161134,evt2
5625.72710218,3372.14096211,evt0
653.322577428,9245.19343959,evt3
657.473891884,1746.34254492,evt0
4003.58859404,2017.040696,evt4
3396.45236337,1531.14350943,evt4
3904.36791889,2091.70443364,evt4
8560.58693218,6433.94523075,evt2
8201.83141563,83.4415915872,evt2
3369.55316766,4450.39801463,evt0
834.707821098,4595.02037982,evt3
8235.84700058,6446.27637836,evt3
8002.77483463,601.658121805,evt4
8234.30810816,1244.19069022,evt2
7076.68773279,6840.40419111,evt4
8368.46436072,3718.16478751,evt1
3823.07162058,6074.32280471,evt0
5857.66773781,2335.98499416,evt1
5111.79918232,5556.49149428,evt3
1269.52559984,3105.64870867,evt2
9309.86005724,2693.78097008,evt1
6195.56767139,2835.41562604,evt0
672.909687272,4041.76253752,evt4
8033.18502708,1933.93249024,evt0
7222.89609926,2049.04002681,evt3
2107.13157763,1991.94116213,evt4
1274.81912805,9699.80120708,evt2
5420.69050687,8899.25450628,evt2
2744.00280447,2110.56179979,evt2
9714.81046281,5575.27409699,evt3
3561.85748557,9360.32890526,evt0
9133.98014327,5882.27229865,evt2
9687.25693582,7013.60291344,evt3
6153.24367531,3530.51962071,evt2
9421.60659273,5235.62385002,evt1
4346.40109611,880.553423663,evt3
1183.02725843,6118.76199324,evt1
7125.18022695,5286.92458268,evt0
2285.0473527,1982.46488647,evt0
8656.11059945,1832.71303627,evt4
565.807567347,7586.6753973,evt3
7325.41580994,7097.11236577,evt4
667.584547877,1384.75145,evt3
3010.30812827,9826.09914728,evt0
8935.69041463,9396.1253606,evt1
4243.69101154,2836.28714855,evt2
1593.8383987,6749.07349902,evt0
7262.71815876,2202.66808311,evt1
2840.12172683,2795.23015157,evt2
3994.79252589,5284.08640776,evt0
5403.13798557,426.723572736,evt3
5168.63380335,1732.1520846,evt1
6665.14344631,4065.25066713,evt0
8143.23710287,6976.74536414,evt0
4918.71605756,1667.84941406,evt1
8822.73267095,8493.96612174,evt0
8829.09285877,9587.82651215,evt4
1741.55753456,3776.93587281,evt3
7713.59755462,6390.80745261,evt1
8704.70399674,1497.68552223,evt4
3295.5169487,7177.95765849,evt3
865.188755839,7985.99265157,evt3
9854.35199278,409.652717817,evt0
9647.34793644,5733.21465862,evt2
7988.81862873,8732.91826581,evt1
8927.54171439,1919.92526413,evt1
9581.40668485,2334.04028678,evt1
4401.20104879,7896.8379172,evt0
5934.03058357,6578.50417914,evt3
5769.71325581,2072.82213499,evt4
9228.50933019,2673.36866547,evt2
135.541411201,6487.55285019,evt2
4744.3642907,739.085846523,evt1
3693.68537476,7248.49972504,evt4
6560.43001789,5674.04227879,evt4
9487.76369261,9990.35812765,evt2
2915.35644971,2593.85943568,evt0
2350.47122453,9387.43781184,evt2
2724.6931504,6475.92447809,evt2
6708.04534349,4315.25013747,evt0
8077.92498576,1662.89802927,evt3
4638.03098228,574.93859426,evt0
1941.8100051,8984.59169455,evt2
9813.74072759,480.197648094,evt1
7140.7396293,4956.42729921,evt0
7801.011395,1162.51694206,evt2
2187.86362066,5177.59222947,evt2
5828.95180908,5826.39801901,evt3
4263.57036493,1151.60276514,evt4
8306.47284086,7811.41902075,evt1
7690.49302498,3849.99741226,evt3
9032.8716104,8449.68861132,evt4
2961.15283092,2705.83081032,evt3
5728.07310869,9171.12401665,evt0
6967.16446758,4100.75176022,evt1
5542.18101944,6368.53773477,evt4
8542.58703913,92.7192202541,evt1
3813.23387104,4558.44928521,evt1
1603.37255434,1578.81560553,evt2
7660.20555098,6038.8111505,evt0
2274.32835369,4324.37463502,evt2
9716.05218235,6791.79123755,evt2
3258.98669645,4046.47741582,evt0
5859.46704613,4232.37739825,evt1
2157.36097631,5621.72376981,evt3
2557.10529943,1703.97696387,evt1
3934.43289381,3397.69526275,evt3
3978.28868577,9078.39105219,evt1
7340.68742653,4239.49781095,evt4
4487.39598189,3484.53620778,evt4
3594.63439734,4718.4320198,evt0
7848.84804291,5656.16968021,evt0
5008.69372616,820.154516901,evt3
9321.9396041,3064.51921758,evt0
1402.23784755,2512.54678853,evt4
8790.42658011,1802.02006328,evt4
4546.78033449,4667.37419162,evt0
460.593033999,9895.45655221,evt4
7535.84775544,2950.12560395,evt1
4832.0885675,151.851031513,evt3
6559.93587895,6686.35293543,evt3
1112.34712995,9444.30134304,evt3
3055.25077263,1611.72834559,evt3
3407.42369782,8848.97067273,evt0
4075.49226463,9631.20947605,evt2
9958.94273034,7350.66931769,evt3
5334.16274112,5285.42158455,evt1
9642.66489497,3369.61683013,evt4
5831.12614063,3749.44190186,evt2
2599.971935,837.489001359,evt2
5623.47541797,7454.68131471,evt3
3986.35392821,9045.56247409,evt3
85.8970719885,372.29800003,evt3
6269.21964497,8995.22435588,evt0
